{
    "MSE": 0.07329288870096207,
    "MAE": 0.19171099364757538,
    "R2": 0.6995645761489868
}