{
    "MSE": 0.07040895521640778,
    "MAE": 0.18393169343471527,
    "R2": 0.7157044410705566
}